model,approach,n_patients,delay_accuracy,delay_f1,delay_precision,delay_recall,forgo_accuracy,forgo_f1,forgo_precision,forgo_recall,barrier_accuracy,barrier_f1,barrier_precision,barrier_recall,true_barrier_rate,pred_barrier_rate,rate_difference
llama3.2:latest,debate,100,0.53,0.5346534653465347,0.5,0.574468085106383,0.66,0.43333333333333335,0.35135135135135137,0.5652173913043478,0.54,0.574074074074074,0.5344827586206896,0.62,0.5,0.58,0.07999999999999996
llama3.2:latest,single,100,0.51,0.46153846153846156,0.4772727272727273,0.44680851063829785,0.66,0.45161290322580644,0.358974358974359,0.6086956521739131,0.51,0.5420560747663552,0.5087719298245614,0.58,0.5,0.57,0.06999999999999995
